<?xml version="1.0" encoding="UTF-8"?>
<metadata modelVersion="1.1.0">
  <groupId>com.example</groupId>
  <artifactId>Version</artifactId>
  <version>2-SNAPSHOT</version>
  <versioning>
    <snapshot>
      <localCopy>true</localCopy>
    </snapshot>
    <lastUpdated>20240623150536</lastUpdated>
    <snapshotVersions>
      <snapshotVersion>
        <extension>jar</extension>
        <value>2-SNAPSHOT</value>
        <updated>20240623150536</updated>
      </snapshotVersion>
      <snapshotVersion>
        <extension>pom</extension>
        <value>2-SNAPSHOT</value>
        <updated>20240623150536</updated>
      </snapshotVersion>
    </snapshotVersions>
  </versioning>
</metadata>
